{
    "accuracy": 0.75,
    "confusion_matrix": [
        [
            43,
            38
        ],
        [
            7,
            92
        ]
    ],
    "classification_report": {
        "0": {
            "precision": 0.86,
            "recall": 0.5308641975308642,
            "f1-score": 0.6564885496183206,
            "support": 81.0
        },
        "1": {
            "precision": 0.7076923076923077,
            "recall": 0.9292929292929293,
            "f1-score": 0.8034934497816594,
            "support": 99.0
        },
        "accuracy": 0.75,
        "macro avg": {
            "precision": 0.7838461538461539,
            "recall": 0.7300785634118967,
            "f1-score": 0.72999099969999,
            "support": 180.0
        },
        "weighted avg": {
            "precision": 0.7762307692307692,
            "recall": 0.75,
            "f1-score": 0.7373412447081569,
            "support": 180.0
        }
    }
}